timestamp,classNbr,section,enrolled
2025-04-23 21:36:03,5603,G01,0
2025-04-23 21:41:11,5603,G01,0
2025-04-23 21:46:05,5603,G01,0
2025-04-23 21:51:05,5603,G01,0
2025-04-23 21:53:36,5603,G01,0
2025-04-23 21:56:15,5603,G01,0
2025-04-23 22:01:17,5603,G01,0
2025-04-23 22:06:03,5603,G01,0
2025-04-23 22:11:15,5603,G01,0
2025-04-23 22:16:11,5603,G01,0
2025-04-23 22:21:19,5603,G01,0
2025-04-23 22:26:20,5603,G01,0
2025-04-23 22:31:15,5603,G01,0
2025-04-23 22:41:04,5603,G01,0
2025-04-23 22:46:17,5603,G01,0
2025-04-23 22:51:10,5603,G01,0
2025-04-23 22:56:12,5603,G01,0
2025-04-23 23:01:02,5603,G01,0
2025-04-23 23:06:15,5603,G01,0
2025-04-23 23:11:09,5603,G01,0
2025-04-23 23:16:06,5603,G01,0
2025-04-23 23:21:12,5603,G01,0
2025-04-23 23:26:09,5603,G01,0
2025-04-23 23:31:17,5603,G01,0
2025-04-23 23:36:05,5603,G01,0
2025-04-23 23:46:07,5603,G01,0
2025-04-23 23:51:09,5603,G01,0
2025-04-23 23:56:12,5603,G01,0
2025-04-24 00:01:13,5603,G01,0
2025-04-24 00:06:05,5603,G01,0
2025-04-24 00:11:07,5603,G01,0
2025-04-24 00:16:05,5603,G01,0
2025-04-24 00:21:03,5603,G01,0
2025-04-24 00:26:04,5603,G01,0
2025-04-24 00:31:15,5603,G01,0
2025-04-24 00:36:12,5603,G01,0
2025-04-24 00:41:04,5603,G01,0
2025-04-24 00:46:02,5603,G01,0
2025-04-24 00:51:11,5603,G01,0
2025-04-24 00:56:19,5603,G01,0
2025-04-24 01:01:03,5603,G01,0
2025-04-24 01:06:04,5603,G01,0
2025-04-24 01:11:13,5603,G01,0
2025-04-24 01:16:13,5603,G01,0
2025-04-24 01:21:12,5603,G01,0
2025-04-24 01:26:14,5603,G01,0
2025-04-24 01:31:03,5603,G01,0
2025-04-24 01:36:13,5603,G01,0
2025-04-24 01:41:04,5603,G01,0
2025-04-24 08:09:56,5603,G01,0
2025-04-24 08:14:59,5603,G01,0
2025-04-24 08:19:54,5603,G01,0
2025-04-24 08:24:55,5603,G01,0
2025-04-24 08:29:52,5603,G01,0
2025-04-24 08:34:52,5603,G01,0
2025-04-24 08:39:56,5603,G01,0
2025-04-24 08:44:49,5603,G01,0
2025-04-24 08:49:59,5603,G01,0
2025-04-24 08:54:57,5603,G01,0
2025-04-24 09:00:01,5603,G01,0
2025-04-24 09:04:56,5603,G01,0
2025-04-24 09:10:01,5603,G01,0
2025-04-24 09:15:06,5603,G01,0
2025-04-24 09:19:57,5603,G01,0
2025-04-24 09:25:07,5603,G01,0
2025-04-24 09:29:50,5603,G01,0
2025-04-24 09:34:51,5603,G01,0
2025-04-24 09:39:49,5603,G01,0
2025-04-24 09:44:53,5603,G01,0
2025-04-24 09:50:07,5603,G01,0
2025-04-24 09:54:49,5603,G01,0
2025-04-24 10:00:08,5603,G01,0
2025-04-24 10:04:57,5603,G01,0
2025-04-24 10:09:59,5603,G01,0
2025-04-24 10:14:50,5603,G01,0
2025-04-24 10:20:07,5603,G01,0
2025-04-24 10:24:57,5603,G01,0
2025-04-24 10:29:56,5603,G01,0
2025-04-24 10:34:58,5603,G01,0
2025-04-24 10:40:06,5603,G01,0
2025-04-24 10:45:08,5603,G01,0
2025-04-24 10:50:07,5603,G01,0
2025-04-24 10:54:58,5603,G01,0
2025-04-24 11:00:07,5603,G01,0
2025-04-24 11:04:50,5603,G01,0
2025-04-24 11:09:50,5603,G01,0
2025-04-24 11:14:49,5603,G01,0
2025-04-24 11:19:49,5603,G01,0
2025-04-24 11:24:58,5603,G01,0
2025-04-24 11:30:06,5603,G01,0
2025-04-24 11:34:54,5603,G01,0
2025-04-24 11:39:58,5603,G01,0
2025-04-24 11:44:56,5603,G01,0
2025-04-24 11:49:58,5603,G01,0
2025-04-24 11:54:50,5603,G01,0
